breakpoints,primitives,points
0,movej_fit,"[array([ 0.3120923 ,  0.27688859,  0.40240991,  0.6676647 , -0.49953974,
       -0.52210179])]"
2501,movel_fit,"[array([ 2.20010000e+03, -1.73205081e-01,  1.00000000e+03])]"
5001,movel_fit,"[array([2450.        , -433.01270189, 1000.        ])]"
